token	subtable
accentBaseHeight	MathConstants
axisHeight	MathConstants
delimitedSubFormulaMinHeight	MathConstants
displayOperatorMinHeight	MathConstants
flattenedAccentBaseHeight	MathConstants
fractionDenomDisplayStyleGapMin	MathConstants
fractionDenominatorDisplayStyleShiftDown	MathConstants
fractionDenominatorGapMin	MathConstants
fractionDenominatorShiftDown	MathConstants
fractionNumDisplayStyleGapMin	MathConstants
fractionNumeratorDisplayStyleShiftUp	MathConstants
fractionNumeratorGapMin	MathConstants
fractionNumeratorShiftUp	MathConstants
fractionRuleThickness	MathConstants
lowerLimitBaselineDropMin	MathConstants
lowerLimitGapMin	MathConstants
mathLeading	MathConstants
overbarExtraAscender	MathConstants
overbarRuleThickness	MathConstants
overbarVerticalGap	MathConstants
radicalDegreeBottomRaisePercent	MathConstants
radicalDisplayStyleVerticalGap	MathConstants
radicalExtraAscender	MathConstants
radicalKernAfterDegree	MathConstants
radicalKernBeforeDegree	MathConstants
radicalRuleThickness	MathConstants
radicalVerticalGap	MathConstants
scriptPercentScaleDown	MathConstants
scriptScriptPercentScaleDown	MathConstants
skewedFractionHorizontalGap	MathConstants
skewedFractionVerticalGap	MathConstants
spaceAfterScript	MathConstants
stackBottomDisplayStyleShiftDown	MathConstants
stackBottomShiftDown	MathConstants
stackDisplayStyleGapMin	MathConstants
stackGapMin	MathConstants
stackTopDisplayStyleShiftUp	MathConstants
stackTopShiftUp	MathConstants
stretchStackBottomShiftDown	MathConstants
stretchStackGapAboveMin	MathConstants
stretchStackGapBelowMin	MathConstants
stretchStackTopShiftUp	MathConstants
subSuperscriptGapMin	MathConstants
subscriptBaselineDropMin	MathConstants
subscriptShiftDown	MathConstants
subscriptTopMax	MathConstants
superscriptBaselineDropMax	MathConstants
superscriptBottomMaxWithSubscript	MathConstants
superscriptBottomMin	MathConstants
superscriptShiftUp	MathConstants
superscriptShiftUpCramped	MathConstants
underbarExtraDescender	MathConstants
underbarRuleThickness	MathConstants
underbarVerticalGap	MathConstants
upperLimitBaselineRiseMin	MathConstants
upperLimitGapMin	MathConstants
